<?xml version="1.0" encoding="UTF-8"?>
<!DOCTYPE version SYSTEM "../../../lib/pkp/dtd/pluginVersion.dtd">

<!--
  * version.xml
  *
  * Copyright (c) 2013-2021 Simon Fraser University
  * Copyright (c) 2003-2021 John Willinsky
  * Distributed under the GNU GPL v3. For full terms see the file docs/COPYING.
  *
  * Plugin version information.
  -->
<version>
	<application>hypothesis</application>
	<type>plugins.generic</type>
	<release>1.0.6.0</release>
	<date>2025-03-17</date>
	<lazy-load>1</lazy-load>
	<class>HypothesisPlugin</class>
</version>
