<?xml version="1.0" encoding="UTF-8"?>
<!DOCTYPE version SYSTEM "../../../lib/pkp/dtd/pluginVersion.dtd">

<!--
  * plugins/generic/allowedUploads/version.xml
  *
  * Copyright (c) 2014-2022 Simon Fraser University
  * Copyright (c) 2003-2022 John Willinsky
  * Distributed under the GNU GPL v3. For full terms see the file docs/COPYING.
  *
  * Plugin version information.
  -->
<version>
	<application>allowedUploads</application>
	<type>plugins.generic</type>
	<release>3.4.0.1</release>
	<date>2024-11-17</date>
	<lazy-load>1</lazy-load>
	<class>AllowedUploadsPlugin</class>
</version>
